<?xml version="1.0" encoding="UTF-8"?>
<Configuration status="WARN" monitorInterval="30">
<Properties>
    <Property name="log-path">logs</Property>
    <Property name="PID">????</Property>
    <Property name="LOG_EXCEPTION_CONVERSION_WORD">%xwEx</Property>
    <Property name="LOG_LEVEL_PATTERN">%5p</Property>
    <Property name="LOG_PATTERN">%d{yyyy-MM-dd HH:mm:ss.SSS} ${LOG_LEVEL_PATTERN} ${sys:PID} --- [%t] %-40.40c{10} : %m%n${sys:LOG_EXCEPTION_CONVERSION_WORD}</Property>
</Properties>
<Appenders>
    <Console name="Console" target="SYSTEM_OUT" follow="true">
        <PatternLayout pattern="${LOG_PATTERN}" />
    </Console>
    <RollingFile name="File" fileName="${log-path}/xinwang.log" filePattern="RollingFiles/$${date:yyyy-MM}/xinwang-%d{yyyy-MM-dd-HH}-%i.log.gz">
        <PatternLayout>
            <Pattern>${LOG_PATTERN}</Pattern>
        </PatternLayout>
        <Policies>
            <SizeBasedTriggeringPolicy size="100 MB" />
        </Policies>
    </RollingFile>
</Appenders>
<Loggers>
    <logger name="com.fenlibao.xinwang" level="debug"/>
    <Root level="debug">
        <AppenderRef ref="Console" />
        <AppenderRef ref="File" />
    </Root>
</Loggers>
</Configuration>

